ConstCode,PageLink
1011,https://election.onlinekhabar.com/central-chetra/?chetra_map_id=taplejung
1021,https://election.onlinekhabar.com/central-chetra/?chetra_map_id=sankhuwasabha1
1031,https://election.onlinekhabar.com/central-chetra/?chetra_map_id=solukhumbu1
1041,https://election.onlinekhabar.com/central-chetra/?chetra_map_id=okhaldhunga1
1051,https://election.onlinekhabar.com/central-chetra/?chetra_map_id=khotang1
1061,https://election.onlinekhabar.com/central-chetra/?chetra_map_id=bhojpur1
1071,https://election.onlinekhabar.com/central-chetra/?chetra_map_id=dhankuta1
1081,https://election.onlinekhabar.com/central-chetra/?chetra_map_id=terathum1
1091,https://election.onlinekhabar.com/central-chetra/?chetra_map_id=panchthar1
1101,https://election.onlinekhabar.com/central-chetra/?chetra_map_id=illam1
1102,https://election.onlinekhabar.com/central-chetra/?chetra_map_id=illam2
1111,https://election.onlinekhabar.com/central-chetra/?chetra_map_id=jhapa1
1112,https://election.onlinekhabar.com/central-chetra/?chetra_map_id=jhapa2
1113,https://election.onlinekhabar.com/central-chetra/?chetra_map_id=jhapa3
1114,https://election.onlinekhabar.com/central-chetra/?chetra_map_id=jhapa4
1115,https://election.onlinekhabar.com/central-chetra/?chetra_map_id=jhapa5
1121,https://election.onlinekhabar.com/central-chetra/?chetra_map_id=morang1
1122,https://election.onlinekhabar.com/central-chetra/?chetra_map_id=morang2
1123,https://election.onlinekhabar.com/central-chetra/?chetra_map_id=morang3
1124,https://election.onlinekhabar.com/central-chetra/?chetra_map_id=morang4
1125,https://election.onlinekhabar.com/central-chetra/?chetra_map_id=morang5
1126,https://election.onlinekhabar.com/central-chetra/?chetra_map_id=morang6
1131,https://election.onlinekhabar.com/central-chetra/?chetra_map_id=sunsari1
1132,https://election.onlinekhabar.com/central-chetra/?chetra_map_id=sunsari2
1133,https://election.onlinekhabar.com/central-chetra/?chetra_map_id=sunsari3
1134,https://election.onlinekhabar.com/central-chetra/?chetra_map_id=sunsari4
1141,https://election.onlinekhabar.com/central-chetra/?chetra_map_id=udayaur1
1142,https://election.onlinekhabar.com/central-chetra/?chetra_map_id=udayaur2
2011,https://election.onlinekhabar.com/central-chetra/?chetra_map_id=saptari1
2012,https://election.onlinekhabar.com/central-chetra/?chetra_map_id=saptari2
2013,https://election.onlinekhabar.com/central-chetra/?chetra_map_id=spatari3
2014,https://election.onlinekhabar.com/central-chetra/?chetra_map_id=saptari4
2021,https://election.onlinekhabar.com/central-chetra/?chetra_map_id=siraha1
2022,https://election.onlinekhabar.com/central-chetra/?chetra_map_id=siraha2
2023,https://election.onlinekhabar.com/central-chetra/?chetra_map_id=siraha3
2024,https://election.onlinekhabar.com/central-chetra/?chetra_map_id=siraha4
2031,https://election.onlinekhabar.com/central-chetra/?chetra_map_id=dhanusha1
2032,https://election.onlinekhabar.com/central-chetra/?chetra_map_id=dhanusha2
2033,https://election.onlinekhabar.com/central-chetra/?chetra_map_id=dhanusha3
2034,https://election.onlinekhabar.com/central-chetra/?chetra_map_id=dhanusha4
2041,https://election.onlinekhabar.com/central-chetra/?chetra_map_id=mahottari1
2042,https://election.onlinekhabar.com/central-chetra/?chetra_map_id=mahottari2
2043,https://election.onlinekhabar.com/central-chetra/?chetra_map_id=mahottari3
2044,https://election.onlinekhabar.com/central-chetra/?chetra_map_id=mahottari4
2051,https://election.onlinekhabar.com/central-chetra/?chetra_map_id=sarlahi1
2052,https://election.onlinekhabar.com/central-chetra/?chetra_map_id=sarlahi2
2053,https://election.onlinekhabar.com/central-chetra/?chetra_map_id=sarlahi3
2054,https://election.onlinekhabar.com/central-chetra/?chetra_map_id=sarlahi4
2061,https://election.onlinekhabar.com/central-chetra/?chetra_map_id=rautahat1
2062,https://election.onlinekhabar.com/central-chetra/?chetra_map_id=rautahat2
2063,https://election.onlinekhabar.com/central-chetra/?chetra_map_id=rautahat3
2064,https://election.onlinekhabar.com/central-chetra/?chetra_map_id=rautahat4
2071,https://election.onlinekhabar.com/central-chetra/?chetra_map_id=bara1
2072,https://election.onlinekhabar.com/central-chetra/?chetra_map_id=bara2
2073,https://election.onlinekhabar.com/central-chetra/?chetra_map_id=bara3
2074,https://election.onlinekhabar.com/central-chetra/?chetra_map_id=bara4
2081,https://election.onlinekhabar.com/central-chetra/?chetra_map_id=parsa1
2082,https://election.onlinekhabar.com/central-chetra/?chetra_map_id=parsa2
2083,https://election.onlinekhabar.com/central-chetra/?chetra_map_id=parsa3
2084,https://election.onlinekhabar.com/central-chetra/?chetra_map_id=parsa4
3011,https://election.onlinekhabar.com/central-chetra/?chetra_map_id=dolkha1
3021,https://election.onlinekhabar.com/central-chetra/?chetra_map_id=sindhupalchowk1
3022,https://election.onlinekhabar.com/central-chetra/?chetra_map_id=sindhupalchowk2
3031,https://election.onlinekhabar.com/central-chetra/?chetra_map_id=rasuwa1
3041,https://election.onlinekhabar.com/central-chetra/?chetra_map_id=dhading1
3042,https://election.onlinekhabar.com/central-chetra/?chetra_map_id=dhading2
3051,https://election.onlinekhabar.com/central-chetra/?chetra_map_id=nuwakot1
3052,https://election.onlinekhabar.com/central-chetra/?chetra_map_id=nuwakot2
3061,https://election.onlinekhabar.com/central-chetra/?chetra_id=87
3062,https://election.onlinekhabar.com/central-chetra/?chetra_id=88
3063,https://election.onlinekhabar.com/central-chetra/?chetra_id=89
3064,https://election.onlinekhabar.com/central-chetra/?chetra_id=90
3065,https://election.onlinekhabar.com/central-chetra/?chetra_id=91
3066,https://election.onlinekhabar.com/central-chetra/?chetra_id=92
3067,https://election.onlinekhabar.com/central-chetra/?chetra_id=93
3068,https://election.onlinekhabar.com/central-chetra/?chetra_id=94
3069,https://election.onlinekhabar.com/central-chetra/?chetra_id=95
30610,https://election.onlinekhabar.com/central-chetra/?chetra_id=96
3071,https://election.onlinekhabar.com/central-chetra/?chetra_id=73
3072,https://election.onlinekhabar.com/central-chetra/?chetra_id=74
3081,https://election.onlinekhabar.com/central-chetra/?chetra_id=81
3082,https://election.onlinekhabar.com/central-chetra/?chetra_id=82
3083,https://election.onlinekhabar.com/central-chetra/?chetra_id=83
3091,https://election.onlinekhabar.com/central-chetra/?chetra_map_id=kabrepalanchok1
3092,https://election.onlinekhabar.com/central-chetra/?chetra_map_id=kabrepalanchok2
3101,https://election.onlinekhabar.com/central-chetra/?chetra_map_id=ramechap1
3111,https://election.onlinekhabar.com/central-chetra/?chetra_map_id=sindhuli1
3112,https://election.onlinekhabar.com/central-chetra/?chetra_map_id=sindhuli2
3121,https://election.onlinekhabar.com/central-chetra/?chetra_map_id=makwanpur1
3122,https://election.onlinekhabar.com/central-chetra/?chetra_map_id=makwanpur2
3131,https://election.onlinekhabar.com/central-chetra/?chetra_map_id=chitwan1
3132,https://election.onlinekhabar.com/central-chetra/?chetra_map_id=chitwan2
3133,https://election.onlinekhabar.com/central-chetra/?chetra_id=86
4011,https://election.onlinekhabar.com/central-chetra/?chetra_map_id=gorkha1
4012,https://election.onlinekhabar.com/central-chetra/?chetra_map_id=gorkha2
4021,https://election.onlinekhabar.com/central-chetra/?chetra_map_id=manang1
4031,https://election.onlinekhabar.com/central-chetra/?chetra_map_id=mustang1
4041,https://election.onlinekhabar.com/central-chetra/?chetra_map_id=myagdi1
4051,https://election.onlinekhabar.com/central-chetra/?chetra_map_id=kaski1
4052,https://election.onlinekhabar.com/central-chetra/?chetra_map_id=kaski2
4053,https://election.onlinekhabar.com/central-chetra/?chetra_map_id=kaski3
4061,https://election.onlinekhabar.com/central-chetra/?chetra_map_id=lamjung1
4071,https://election.onlinekhabar.com/central-chetra/?chetra_map_id=tanahu1
4072,https://election.onlinekhabar.com/central-chetra/?chetra_map_id=tanahu1
4081,https://election.onlinekhabar.com/central-chetra/?chetra_map_id=nawalpur1
4082,https://election.onlinekhabar.com/central-chetra/?chetra_map_id=nawalpur2
4091,https://election.onlinekhabar.com/central-chetra/?chetra_map_id=syangja1
4092,https://election.onlinekhabar.com/central-chetra/?chetra_map_id=syangja2
4101,https://election.onlinekhabar.com/central-chetra/?chetra_id=101
4111,https://election.onlinekhabar.com/central-chetra/?chetra_map_id=baglung1
4112,https://election.onlinekhabar.com/central-chetra/?chetra_map_id=baglung2
5011,https://election.onlinekhabar.com/central-chetra/?chetra_map_id=rukum1
5021,https://election.onlinekhabar.com/central-chetra/?chetra_map_id=rolpa1
5031,https://election.onlinekhabar.com/central-chetra/?chetra_map_id=pyuthan1
5041,https://election.onlinekhabar.com/central-chetra/?chetra_map_id=gulmi1
5042,https://election.onlinekhabar.com/central-chetra/?chetra_map_id=gulmi2
5051,https://election.onlinekhabar.com/central-chetra/?chetra_map_id=arghakhanchi1
5061,https://election.onlinekhabar.com/central-chetra/?chetra_map_id=palpa1
5062,https://election.onlinekhabar.com/central-chetra/?chetra_map_id=palpa2
5071,https://election.onlinekhabar.com/central-chetra/?chetra_map_id=parasi1
5072,https://election.onlinekhabar.com/central-chetra/?chetra_map_id=parasi2
5081,https://election.onlinekhabar.com/central-chetra/?chetra_map_id=rupendehi1
5082,https://election.onlinekhabar.com/central-chetra/?chetra_map_id=rupendehi2
5083,https://election.onlinekhabar.com/central-chetra/?chetra_map_id=rupendehi3
5084,https://election.onlinekhabar.com/central-chetra/?chetra_map_id=rupendehi4
5085,https://election.onlinekhabar.com/central-chetra/?chetra_map_id=rupendehi5
5091,https://election.onlinekhabar.com/central-chetra/?chetra_map_id=kapilbstu1
5092,https://election.onlinekhabar.com/central-chetra/?chetra_map_id=kapilbstu2
5093,https://election.onlinekhabar.com/central-chetra/?chetra_map_id=kapilbstu3
5101,https://election.onlinekhabar.com/central-chetra/?chetra_map_id=dang1
5102,https://election.onlinekhabar.com/central-chetra/?chetra_map_id=dang2
5103,https://election.onlinekhabar.com/central-chetra/?chetra_map_id=dang3
5111,https://election.onlinekhabar.com/central-chetra/?chetra_map_id=banke1
5112,https://election.onlinekhabar.com/central-chetra/?chetra_map_id=banke2
5113,https://election.onlinekhabar.com/central-chetra/?chetra_map_id=banke3
5121,https://election.onlinekhabar.com/central-chetra/?chetra_map_id=bardiya1
5122,https://election.onlinekhabar.com/central-chetra/?chetra_map_id=bardiya2
6011,https://election.onlinekhabar.com/central-chetra/?chetra_map_id=dolpa1
6021,https://election.onlinekhabar.com/central-chetra/?chetra_map_id=mugu1
6031,https://election.onlinekhabar.com/central-chetra/?chetra_map_id=humla1
6041,https://election.onlinekhabar.com/central-chetra/?chetra_map_id=jumla1
6051,https://election.onlinekhabar.com/central-chetra/?chetra_map_id=kalikot1
6061,https://election.onlinekhabar.com/central-chetra/?chetra_map_id=dailekh1
6062,https://election.onlinekhabar.com/central-chetra/?chetra_map_id=dailekh2
6071,https://election.onlinekhabar.com/central-chetra/?chetra_map_id=jajrkot1
6081,https://election.onlinekhabar.com/central-chetra/?chetra_map_id=rukum2
6091,https://election.onlinekhabar.com/central-chetra/?chetra_map_id=salyan1
6101,https://election.onlinekhabar.com/central-chetra/?chetra_map_id=surkhet1
6102,https://election.onlinekhabar.com/central-chetra/?chetra_map_id=surkhet2
7011,https://election.onlinekhabar.com/central-chetra/?chetra_map_id=bajura1
7021,https://election.onlinekhabar.com/central-chetra/?chetra_map_id=bajhang1
7031,https://election.onlinekhabar.com/central-chetra/?chetra_map_id=darchula1
7041,https://election.onlinekhabar.com/central-chetra/?chetra_map_id=baitadi1
7051,https://election.onlinekhabar.com/central-chetra/?chetra_map_id=dadeldhura1
7061,https://election.onlinekhabar.com/central-chetra/?chetra_map_id=doti1
7071,https://election.onlinekhabar.com/central-chetra/?chetra_map_id=achham1
7072,https://election.onlinekhabar.com/central-chetra/?chetra_map_id=achham2
7081,https://election.onlinekhabar.com/central-chetra/?chetra_map_id=kailali1
7082,https://election.onlinekhabar.com/central-chetra/?chetra_map_id=kailali2
7083,https://election.onlinekhabar.com/central-chetra/?chetra_map_id=kailali3
7084,https://election.onlinekhabar.com/central-chetra/?chetra_map_id=kailali4
7085,https://election.onlinekhabar.com/central-chetra/?chetra_map_id=kailali5
7091,https://election.onlinekhabar.com/central-chetra/?chetra_map_id=kanchanpur1
7092,https://election.onlinekhabar.com/central-chetra/?chetra_map_id=kanchanpur2
7093,https://election.onlinekhabar.com/central-chetra/?chetra_map_id=kanchanpur3